100827;Бафф DRY-COOL REFLECTIVE BUFF® NAVY;41;99;-;23;;;;;426
100828;Бафф DRY-COOL REFLECTIVE BUFF® YELLOW FLUOR;41;99;-;23;;;;;426
100829;Бафф DRY-COOL BUFF® NAVY;41;99;-;23;;;;;369
100830;Бафф DRY-COOL BUFF® YELLOW FLUOR;41;99;-;23;;;;;369
100832;Бафф DRY COOL BUFF® BLACK;41;99;-;23;;;;;369
100837;Бафф DRY-COOL BUFF® ORANGE FLUOR;41;99;-;23;;;;;369
101869;Бафф DRY-COOL BUFF® GREEN FOREST;41;99;-;23;;;;;369
100545;Бафф DRY-COOL BUFF® MO OBSESSION;41;99;-;23;;;;;398
100548;Бафф DRY-COOL BUFF® MO DUCK BLIND;41;99;-;23;;;;;398
108426;Бафф DRY-COOL BUFF® BLAZE ORANGE;41;99;-;23;;;;;369
111469.117.10.00;Бафф HELMET LINER PRO BUFF® SOLID YELLOW FLUOR;41;99;-;23;;;;;427
100497.00.00;Бафф THERMAL REFLECTIVE BUFF® BLACK;41;99;-;23;;;;;427
100495.00.00;Бафф THERMAL BUFF® NAVY;41;99;-;23;;;;;370
100496.00.00;Бафф THERMAL BUFF® YELLOW FLUOR;41;99;-;23;;;;;370
100498.00.00;Бафф THERMAL BUFF® BLACK;41;99;-;23;;;;;370
100842.00.00;Бафф THERMAL BUFF® ORANGE FLUOR;41;99;-;23;;;;;370
111543.425.10.00;Бафф THERMAL BUFF® CARABINER RED;41;99;-;23;;;;;370
111545.787.10.00;Бафф THERMAL BUFF® VERTICAL NAVY;41;99;-;23;;;;;370
111544.937.10.00;Бафф THERMAL BUFF® METALLIC GREY;41;99;-;23;;;;;370
111546.211.10.00;Бафф THERMAL BUFF® TOOLS ORANGE FLUOR;41;99;-;23;;;;;370
111560.325.10.00;Бафф THERMAL BUFF® BLOCKS BROWN;41;99;-;23;;;;;370
111562.845.10.00;Бафф THERMAL BUFF® LEAVES GREEN;41;99;-;23;;;;;370
111549.805.10.00;Бафф THERMAL BUFF® PLANTS OLIVE;41;99;-;23;;;;;370
111548.846.10.00;Бафф MOSSY OAK THERMAL BUFF® OBSESSION MILITARY;41;99;-;23;;;;;398
111561.805.10.00;Бафф MOSSY OAK THERMAL BUFF® DUCK BLIND OLIVE;41;99;-;23;;;;;398
111547.846.10.00;Бафф THERMAL BUFF® CAMU MILITARY;41;99;-;23;;;;;370
111583.937.10.00;Бафф POLAR BUFF® METALLIC GREY;41;99;-;23;;;;;594
111584.787.10.00;Бафф POLAR BUFF® VERTICAL NAVY-NAVY-ONESIZ-;41;99;-;23;;;;;594
111585.211.10.00;Бафф POLAR BUFF® TOOLS ORANGE FLUOR-;41;99;-;23;;;;;594
111587.846.10.00;Бафф MOSSY OAK POLAR BUFF® OBSESSION MILITARY;41;99;-;23;;;;;638
111588.805.10.00;Бафф POLAR BUFF® PLANTS OLIVE;41;99;-;23;;;;;594
111590.211.10.00;Бафф POLAR BUFF® SOLID ORANGE FLUOR;41;99;-;23;;;;;594
101218;Бафф POLAR REFLECTIVE BUFF® YELLOWFLUOR;41;99;-;23;;;;;660
101219;Бафф POLAR BUFF® NAVY;41;99;-;23;;;;;594
101220;Бафф POLAR BUFF® YELLOW FLUOR;41;99;-;23;;;;;594
101222;Бафф POLAR BUFF® BLACK;41;99;-;23;;;;;594
101223;Бафф POLAR BUFF® GREEN FOREST;41;99;-;23;;;;;594
111581.999.10.00;Бафф WINDPROOF BUFF® SOLID BLACK;41;99;-;23;;;;;990
108519.CF;Бафф CHEF'S COLLECTION BUFF® POMODORO;41;99;-;23;;;;;374
111576.555.10.CF;Шапка CHEF'S COLLECTION BUFF® VEGETABLES;41;99;-;23;;;;;374
111577.555.10.CF;Шапка CHEF'S COLLECTION BUFF® BAKERYMULTI-;41;99;-;23;;;;;374
111578.014.10.CF;Шапка CHEF'S COLLETION BUFF® SPIRALICRU-CRU-;41;99;-;23;;;;;374
111580.999.10.CF;Шапка CHEF'S COLLECTION BUFF® COOK BLACK-;41;99;-;23;;;;;374
108516.CF;Бафф CHEF'S COLLECTION BUFF® BOLETUS;41;99;-;23;;;;;374
108517.CF;Бафф CHEF'S COLLECTION BUFF® BLACKBOARD;41;99;-;23;;;;;374
111573.555.10.MD;Шапка MEDICAL COLLECTION BUFF® COLOUR PRINTS MULTI;41;99;-;23;;;;;374
111574.538.10.MD;Шапка MEDICAL COLLECTION BUFF® LIPSPINK-PINK;41;99;-;23;;;;;374
108506.MD;Бафф MEDICAL COLLECTION BUFF® WHITETEETH;41;99;-;23;;;;;374
108507.MD;Бафф MEDICAL COLLECTION BUFF® HAPPYANIMALS;41;99;-;23;;;;;374
108509.MD;Бафф MEDICAL COLLECTION BUFF® COLOUR PLASTER;41;99;-;23;;;;;374
111470.999.25.00;Шапка WINDPROOF HAT BUFF® SOLID BLACK M/L;41;99;-;23;;;;;1100
