100827;Бафф DRY-COOL REFLECTIVE BUFF® NAVY;41;99;-;23;;;;;426;3
100828;Бафф DRY-COOL REFLECTIVE BUFF® YELLOW FLUOR;41;99;-;23;;;;;426;3
100829;Бафф DRY-COOL BUFF® NAVY;41;99;-;23;;;;;369;3
100830;Бафф DRY-COOL BUFF® YELLOW FLUOR;41;99;-;23;;;;;369;3
100832;Бафф DRY COOL BUFF® BLACK;41;99;-;23;;;;;369;3
100837;Бафф DRY-COOL BUFF® ORANGE FLUOR;41;99;-;23;;;;;369;3
101869;Бафф DRY-COOL BUFF® GREEN FOREST;41;99;-;23;;;;;369;3
100545;Бафф DRY-COOL BUFF® MO OBSESSION;41;99;-;23;;;;;398;3
100548;Бафф DRY-COOL BUFF® MO DUCK BLIND;41;99;-;23;;;;;398;3
108426;Бафф DRY-COOL BUFF® BLAZE ORANGE;41;99;-;23;;;;;369;3
111469.117.10.00;Бафф HELMET LINER PRO BUFF® SOLID YELLOW FLUOR;41;99;-;23;;;;;427;3
100497.00.00;Бафф THERMAL REFLECTIVE BUFF® BLACK;41;99;-;23;;;;;427;3
100495.00.00;Бафф THERMAL BUFF® NAVY;41;99;-;23;;;;;370;3
100496.00.00;Бафф THERMAL BUFF® YELLOW FLUOR;41;99;-;23;;;;;370;3
100498.00.00;Бафф THERMAL BUFF® BLACK;41;99;-;23;;;;;370;3
100842.00.00;Бафф THERMAL BUFF® ORANGE FLUOR;41;99;-;23;;;;;370;3
111543.425.10.00;Бафф THERMAL BUFF® CARABINER RED;41;99;-;23;;;;;370;3
111545.787.10.00;Бафф THERMAL BUFF® VERTICAL NAVY;41;99;-;23;;;;;370;3
111544.937.10.00;Бафф THERMAL BUFF® METALLIC GREY;41;99;-;23;;;;;370;3
111546.211.10.00;Бафф THERMAL BUFF® TOOLS ORANGE FLUOR;41;99;-;23;;;;;370;3
111560.325.10.00;Бафф THERMAL BUFF® BLOCKS BROWN;41;99;-;23;;;;;370;3
111562.845.10.00;Бафф THERMAL BUFF® LEAVES GREEN;41;99;-;23;;;;;370;3
111549.805.10.00;Бафф THERMAL BUFF® PLANTS OLIVE;41;99;-;23;;;;;370;3
111548.846.10.00;Бафф MOSSY OAK THERMAL BUFF® OBSESSION MILITARY;41;99;-;23;;;;;398;3
111561.805.10.00;Бафф MOSSY OAK THERMAL BUFF® DUCK BLIND OLIVE;41;99;-;23;;;;;398;3
111547.846.10.00;Бафф THERMAL BUFF® CAMU MILITARY;41;99;-;23;;;;;370;3
111583.937.10.00;Бафф POLAR BUFF® METALLIC GREY;41;99;-;23;;;;;594;3
111584.787.10.00;Бафф POLAR BUFF® VERTICAL NAVY-NAVY-ONESIZ-;41;99;-;23;;;;;594;3
111585.211.10.00;Бафф POLAR BUFF® TOOLS ORANGE FLUOR-;41;99;-;23;;;;;594;3
111587.846.10.00;Бафф MOSSY OAK POLAR BUFF® OBSESSION MILITARY;41;99;-;23;;;;;638;3
111588.805.10.00;Бафф POLAR BUFF® PLANTS OLIVE;41;99;-;23;;;;;594;3
111590.211.10.00;Бафф POLAR BUFF® SOLID ORANGE FLUOR;41;99;-;23;;;;;594;3
101218;Бафф POLAR REFLECTIVE BUFF® YELLOWFLUOR;41;99;-;23;;;;;660;3
101219;Бафф POLAR BUFF® NAVY;41;99;-;23;;;;;594;3
101220;Бафф POLAR BUFF® YELLOW FLUOR;41;99;-;23;;;;;594;3
101222;Бафф POLAR BUFF® BLACK;41;99;-;23;;;;;594;3
101223;Бафф POLAR BUFF® GREEN FOREST;41;99;-;23;;;;;594;3
111581.999.10.00;Бафф WINDPROOF BUFF® SOLID BLACK;41;99;-;23;;;;;990;3
108519.CF;Бафф CHEF'S COLLECTION BUFF® POMODORO;41;99;-;23;;;;;374;3
111576.555.10.CF;Шапка CHEF'S COLLECTION BUFF® VEGETABLES;41;99;-;23;;;;;374;3
111577.555.10.CF;Шапка CHEF'S COLLECTION BUFF® BAKERYMULTI-;41;99;-;23;;;;;374;3
111578.014.10.CF;Шапка CHEF'S COLLETION BUFF® SPIRALICRU-CRU-;41;99;-;23;;;;;374;3
111580.999.10.CF;Шапка CHEF'S COLLECTION BUFF® COOK BLACK-;41;99;-;23;;;;;374;3
108516.CF;Бафф CHEF'S COLLECTION BUFF® BOLETUS;41;99;-;23;;;;;374;3
108517.CF;Бафф CHEF'S COLLECTION BUFF® BLACKBOARD;41;99;-;23;;;;;374;3
111573.555.10.MD;Шапка MEDICAL COLLECTION BUFF® COLOUR PRINTS MULTI;41;99;-;23;;;;;374;3
111574.538.10.MD;Шапка MEDICAL COLLECTION BUFF® LIPSPINK-PINK;41;99;-;23;;;;;374;3
108506.MD;Бафф MEDICAL COLLECTION BUFF® WHITETEETH;41;99;-;23;;;;;374;3
108507.MD;Бафф MEDICAL COLLECTION BUFF® HAPPYANIMALS;41;99;-;23;;;;;374;3
108509.MD;Бафф MEDICAL COLLECTION BUFF® COLOUR PLASTER;41;99;-;23;;;;;374;3
111470.999.25.00;Шапка WINDPROOF HAT BUFF® SOLID BLACK M/L;41;99;-;23;;;;;1100;3
